﻿<?xml version="1.0" encoding="utf-8" ?>
<c2eventsheet>
    <!--All the 'name' attributes are ignored by Construct 2 - they are there for readability only.-->
    <name>Event sheet 1</name>
    <events>
        <event-block sid="9977656465025084">
            <conditions>
                <condition id="0" name="On key pressed" sid="6775906476082614" type="Keyboard">
                    <param id="0" name="Key">39 (Right arrow)</param>
                </condition>
            </conditions>
            <actions>
                <action id="7" name="Set mirrored" sid="3487647756460205" type="Player">
                    <param id="0" name="State">1</param>
                </action>
            </actions>
        </event-block>
        <event-block sid="2621040450548956">
            <conditions>
                <condition id="0" name="On key pressed" sid="4855258146903744" type="Keyboard">
                    <param id="0" name="Key">37 (Left arrow)</param>
                </condition>
            </conditions>
            <actions>
                <action id="7" name="Set mirrored" sid="5294000616882805" type="Player">
                    <param id="0" name="State">0</param>
                </action>
            </actions>
        </event-block>
        <event-block sid="6985838959510194">
            <conditions>
                <condition id="0" name="On collision with another object" sid="7721089436099263" type="Player">
                    <param id="0" name="Object">Coin</param>
                </condition>
            </conditions>
            <actions>
                <action id="4" name="Set animation" sid="4837678140798465" type="Coin">
                    <param id="0" name="Animation">&quot;Collected&quot;</param>
                    <param id="1" name="From">1</param>
                </action>
                <action id="-16" name="Wait" sid="293162405176689" type="System">
                    <param id="0" name="Seconds">0.2</param>
                </action>
                <action id="-9" name="Destroy" sid="3789605456677457" type="Coin" />
                <action id="-11" name="Add to" sid="9276025079065831" type="Player">
                    <param id="0" name="Instance variable">itemCount</param>
                    <param id="1" name="Value">1</param>
                </action>
                <action id="0" name="Set text" sid="6548279443165956" type="itemCountText">
                    <param id="0" name="Text">&quot;Coins: &quot;&amp; Player.itemCount</param>
                </action>
            </actions>
        </event-block>
        <event-block sid="8540832429954344">
            <conditions>
                <condition id="-1" name="Every tick" sid="6585583798848363" type="System" />
            </conditions>
            <actions>
                <action id="-22" name="Set angle toward position" sid="7391043939379947" type="Sprite">
                    <param id="0" name="X">Player.X</param>
                    <param id="1" name="Y">Player.Y</param>
                </action>
                <action id="-17" name="Move forward" sid="2144241590057266" type="Sprite">
                    <param id="0" name="Distance">1</param>
                </action>
            </actions>
            <sub-events>
                <event-block sid="6909343873896368">
                    <conditions>
                        <condition id="-1" name="Compare X" sid="2264498377722322" type="Sprite">
                            <param id="0" name="Comparison">2</param>
                            <param id="1" name="X co-ordinate">Player.X + Player.Width/2</param>
                        </condition>
                    </conditions>
                    <actions>
                        <action id="7" name="Set mirrored" sid="455347381726619" type="Sprite">
                            <param id="0" name="State">0</param>
                        </action>
                    </actions>
                </event-block>
                <event-block sid="968557847134862">
                    <conditions>
                        <condition id="-1" name="Compare X" sid="8785066772853075" type="Sprite">
                            <param id="0" name="Comparison">4</param>
                            <param id="1" name="X co-ordinate">Player.X - Player.Width/2</param>
                        </condition>
                    </conditions>
                    <actions>
                        <action id="7" name="Set mirrored" sid="6220373642292444" type="Sprite">
                            <param id="0" name="State">1</param>
                        </action>
                    </actions>
                </event-block>
            </sub-events>
        </event-block>
        <event-block sid="923070583301111">
            <conditions>
                <condition id="0" name="On collision with another object" sid="1298825339995329" type="Player">
                    <param id="0" name="Object">Sprite</param>
                </condition>
            </conditions>
            <actions>
                <action id="-12" name="Subtract from" sid="2990985879647755" type="Player">
                    <param id="0" name="Instance variable">PlayerHealth</param>
                    <param id="1" name="Value">1</param>
                </action>
                <action id="0" name="Set text" sid="2969188360498876" type="healthText">
                    <param id="0" name="Text">&quot;Health: &quot; &amp; Player.PlayerHealth</param>
                </action>
            </actions>
        </event-block>
    </events>
</c2eventsheet>
